<?xml version="1.0" encoding="UTF-8" ?>
<extension type="file" method="upgrade">
    <name>com_j2store - fr-FR</name>
    <version>4.0.12</version>
    <creationDate>FEB 2025</creationDate>
    <author>J2Commerce</author>
    <authorEmail>support@j2commerce.com</authorEmail>
    <authorUrl>https://www.j2commerce.com</authorUrl>
    <copyright>2023 J2Store</copyright>
    <copyright>2025 J2Commerce, LLC.</copyright>
    <license>GNU General Public License v3 or later</license>
    <description>
        <![CDATA[fr-FR translation package for J2Commerce]]>
    </description>
    <fileset>
        <files folder="admin" target="administrator/language/fr-FR">
            <filename>com_j2store.ini</filename>
            <filename>com_j2store.sys.ini</filename>
        </files>
        <files folder="frontend" target="language/fr-FR">
            <filename>com_j2store.ini</filename>
        </files>
    </fileset>
</extension>